#{"t_start": 1605293783.280832, "env_id": null}
r,l,t
0.7,113,2.438686
0.8,120,4.742324
0.7,165,7.92164
0.6,60,9.135342
0.7,168,21.694931
0.7,401,39.120884
0.7,401,47.211591
0.7,103,49.229244
0.8,182,62.244154
0.8,61,63.52418
-0.1,186,67.322251
0.8,69,68.781334
0.7,37,78.911857
0.7,95,80.729901
0.9,149,83.747296
0.8,59,84.986598
0.8,272,99.930518
0.7,49,100.939751
0.7,19,101.377302
0.9,129,104.110801
0.7,78,105.786425
2.0,22,106.2209
0.7,75,107.726614
0.7,24,108.230438
0.7,33,108.88413
0.8,38,119.053419
0.8,238,125.654463
0.7,42,127.186218
0.8,90,130.266008
0.9,26,131.249356
0.8,106,143.673036
0.7,36,144.478512
0.8,81,146.299565
0.7,60,147.832025
0.7,251,154.241393
0.8,245,171.901947
0.7,151,176.10496
0.7,147,179.906766
0.7,84,191.743857
0.8,77,193.700387
0.7,193,198.332211
0.8,119,201.367114
0.7,19,201.813886
0.8,16,202.151428
0.7,45,214.039067
0.8,13,214.337676
0.8,63,215.787481
0.7,401,224.743764
0.8,113,236.847155
0.8,56,238.141628
0.8,32,238.919167
0.8,70,240.573536
0.8,18,241.044509
0.8,57,242.755029
0.8,186,247.206706
0.8,126,260.767392
0.9,401,279.570214
0.8,27,280.198784
0.8,188,284.490368
0.8,83,286.219163
0.8,56,287.425678
0.8,39,288.253426
0.8,401,305.653133
0.7,35,306.398814
0.8,33,307.098238
0.8,24,307.602948
0.8,31,308.232566
0.8,25,308.811596
0.8,52,309.871107
0.8,107,321.381752
0.8,186,325.010484
0.8,45,325.966952
0.8,46,326.927496
0.8,154,340.015148
0.8,63,341.532342
0.8,72,343.197556
0.8,185,347.183347
0.8,170,350.635766
0.8,64,361.963514
0.8,88,363.857474
0.8,45,364.784636
0.7,92,366.732506
0.8,29,367.420245
0.8,204,371.681002
0.9,29,381.83161
0.8,61,383.098881
0.8,16,383.625162
0.8,64,384.986763
0.8,68,386.386728
0.8,86,388.225249
0.8,45,389.185397
0.8,44,390.059369
0.8,12,390.310511
0.8,123,402.095653
0.8,47,403.109902
0.8,353,410.323004
0.8,153,422.841683
0.8,38,423.795497
0.8,50,424.957053
0.7,21,425.390449
0.8,25,425.896339
0.8,36,426.670978
0.8,46,427.662556
0.8,24,428.145308
0.8,45,429.014133
0.8,19,429.414752
0.8,33,430.055951
0.8,131,441.98082
0.9,110,444.601705
0.8,72,446.393229
0.8,39,447.440498
0.8,159,451.103116
0.8,40,452.120559
0.7,60,453.599061
0.8,38,465.219159
0.9,71,466.903919
0.8,41,468.22968
-0.3,118,471.601992
-0.2,165,475.769321
0.8,82,488.381802
0.7,157,492.400214
0.9,53,493.536736
0.8,75,495.510233
0.8,24,496.032123
0.8,37,496.812547
0.9,84,498.629706
0.8,66,500.12548
0.8,214,514.949271
0.8,42,516.494452
0.8,284,534.572909
0.8,66,536.038314
0.8,105,538.436942
0.8,41,539.371309
0.8,218,544.51265
0.8,63,546.298372
0.8,38,556.956581
0.8,204,562.173564
0.8,168,565.941805
0.8,23,566.506548
0.8,25,567.123364
0.8,133,581.704472
0.8,165,585.532006
0.9,164,589.537908
0.8,50,590.886438
0.8,25,591.678614
0.8,235,606.64566
0.8,39,607.496989
0.8,103,609.723303
0.8,39,610.530686
0.8,139,623.243175
0.8,30,623.89168
0.8,24,624.397394
0.8,40,625.646933
0.8,123,628.351976
0.9,194,632.548456
0.8,26,633.328908
0.8,293,650.842471
0.9,63,652.53205
0.9,131,655.549342
0.8,36,656.280865
0.8,259,671.465463
0.8,139,675.145628
0.8,52,676.366381
2.0,22,676.912725
0.8,37,677.773124
0.8,25,678.302664
0.8,39,689.540229
0.8,164,693.791859
0.8,59,695.157937
0.9,178,700.137578
2.0,22,700.704158
0.9,41,701.929022
0.8,68,715.185672
0.8,33,715.980309
0.8,135,719.020216
0.8,117,721.568853
0.8,23,722.122003
0.8,228,736.738174
0.8,33,737.527355
0.8,110,740.268338
0.8,25,740.987233
0.8,223,746.754947
0.8,46,747.79939
0.8,37,759.683371
0.8,114,762.468782
0.9,30,763.227292
0.8,31,763.902325
0.8,37,764.685236
0.9,31,765.378259
0.8,34,766.258528
0.8,24,766.910556
0.8,32,767.747289
0.8,124,770.726638
2.0,58,782.591715
0.8,178,787.080385
0.8,22,787.592522
0.8,401,807.115921
0.8,154,810.974535
2.0,22,811.485931
0.8,206,816.230246
2.0,20,816.642139
0.8,24,827.900173
0.8,184,831.930358
2.0,20,832.38165
2.0,20,832.794234
0.8,25,833.314986
2.0,20,833.741539
0.8,101,836.140182
0.8,60,837.443938
0.8,20,837.891022
0.8,24,838.407012
0.8,24,849.55271
0.9,94,851.46285
0.8,25,851.991313
0.8,19,852.395314
0.9,119,855.074351
0.8,23,855.781902
0.8,107,858.580493
1.0,184,873.696991
0.8,50,874.855513
0.8,20,875.304294
2.0,21,875.777383
0.8,78,877.397147
0.8,133,880.336428
0.8,205,895.485702
2.0,20,896.000254
2.0,20,896.502967
2.0,24,896.999817
0.9,157,900.47491
0.8,50,901.682832
0.8,21,902.197264
0.8,21,902.682368
0.8,22,903.140365
2.0,19,903.549898
0.9,79,905.358396
0.8,30,915.833144
0.8,20,916.269928
2.0,21,916.809281
0.8,21,917.323767
0.8,128,920.413836
2.0,20,920.888578
2.0,20,921.320346
0.8,256,926.95507
0.8,50,938.296506
2.0,22,938.75758
0.9,54,939.961254
0.8,21,940.477433
2.0,25,941.18506
0.9,42,942.267733
1.0,73,944.011513
2.0,20,944.445578
0.8,22,944.988005
2.0,21,945.511726
0.8,162,949.177081
2.0,21,959.921881
0.8,144,963.348407
0.8,39,964.384913
2.0,19,964.790357
0.8,26,965.481629
0.8,44,966.606195
0.8,39,967.558564
0.8,50,969.205343
2.0,21,969.928449
2.0,22,970.701811
0.8,27,971.400891
0.9,27,972.079678
2.0,21,972.592975
0.8,53,983.776714
0.8,130,986.513152
2.0,21,986.973016
2.0,21,987.406014
2.0,20,987.850956
2.0,21,988.278617
-0.2,135,991.280034
0.9,120,994.408536
2.0,20,994.901922
2.0,22,1005.898361
0.9,401,1015.703201
0.8,33,1016.65023
2.0,21,1017.238526
0.8,22,1017.88235
0.8,31,1029.332492
0.9,68,1031.392216
0.9,112,1034.582546
0.8,95,1037.178789
2.0,22,1037.750979
2.0,22,1038.372442
2.0,21,1039.090842
0.8,54,1040.610472
0.8,20,1041.132344
2.0,22,1041.88307
0.8,74,1054.488853
0.8,46,1055.512755
2.0,21,1056.00686
0.8,57,1057.386378
0.8,21,1057.876684
0.8,59,1059.188435
0.8,27,1059.72031
0.8,20,1060.133976
0.8,22,1060.639194
0.8,22,1061.150193
0.8,137,1064.335139
0.8,53,1065.592318
0.8,21,1076.21134
2.0,21,1076.691046
0.8,21,1077.158272
0.8,41,1077.970367
0.8,39,1078.817366
0.8,150,1082.345451
2.0,21,1082.908979
0.9,30,1083.619348
0.8,22,1084.270977
0.9,75,1086.097132
0.8,45,1087.104192
0.8,60,1099.333759
0.8,25,1099.941636
0.8,65,1101.890844
2.0,28,1102.782411
0.8,25,1103.463537
0.9,55,1104.925836
0.8,22,1105.478821
0.8,20,1105.927898
0.8,88,1107.988876
0.8,189,1123.587158
0.8,25,1124.314432
0.7,101,1126.921579
0.8,25,1127.649789
0.8,74,1129.742091
2.0,22,1130.305774
0.8,22,1130.850306
0.8,38,1131.769364
2.0,19,1132.277254
0.9,36,1133.082971
0.8,36,1133.930692
0.8,22,1134.509754
2.0,21,1135.032965
0.9,264,1151.139241
2.0,21,1151.594445
0.8,99,1153.832383
0.9,226,1169.326164
0.9,58,1170.720747
0.8,74,1172.524749
0.9,154,1176.225596
0.8,19,1176.643954
0.8,20,1177.137378
2.0,19,1177.578349
2.0,20,1178.1404
0.8,20,1178.637235
0.8,84,1191.86322
0.9,67,1193.810992
2.0,20,1194.245751
0.8,153,1197.838042
0.8,82,1199.774105
0.8,89,1201.542421
1.0,186,1215.724021
2.0,20,1216.217552
0.8,29,1216.82536
0.8,159,1220.474002
0.8,306,1239.619773
0.8,85,1242.329573
0.8,46,1243.602228
0.8,81,1246.139333
0.8,33,1247.053252
0.9,153,1251.90792
2.0,20,1263.504468
-0.1,111,1266.262343
0.8,143,1269.622652
2.0,21,1270.305419
0.9,176,1274.832709
0.8,52,1276.064977
2.0,44,1288.009361
2.0,20,1288.456418
0.8,49,1289.526005
0.9,71,1291.178084
2.0,20,1291.659153
0.7,102,1293.899481
2.0,22,1294.333123
0.7,22,1294.803702
0.7,132,1297.506576
0.0,207,1311.131981
2.0,21,1311.626461
0.8,99,1313.63049
0.8,20,1314.054621
2.0,19,1314.518554
0.8,138,1317.583565
0.8,178,1330.392797
2.0,21,1330.851817
2.0,21,1331.292841
2.0,20,1331.731134
2.0,20,1332.192044
2.0,20,1332.631704
0.8,73,1334.163556
0.8,21,1334.61344
2.0,22,1335.14112
1.0,62,1336.462095
2.0,20,1336.883328
2.0,20,1337.311552
0.8,22,1337.763962
0.8,41,1347.723596
0.8,65,1349.136868
2.0,20,1349.604126
0.8,94,1351.620749
0.8,22,1352.111503
0.8,20,1352.54754
2.0,21,1352.966883
0.8,38,1353.754348
2.0,20,1354.158807
0.8,21,1354.656466
0.8,43,1355.643113
0.8,20,1356.06733
0.8,21,1356.540359
0.8,33,1357.271486
0.8,21,1357.702357
2.0,21,1358.212715
2.0,22,1358.721253
0.8,22,1368.697479
0.9,215,1373.939459
0.8,20,1374.42942
0.0,24,1375.016911
0.8,23,1375.670966
0.8,21,1376.161395
0.9,128,1378.95395
2.0,20,1379.451221
0.0,20,1379.963433
2.0,21,1380.442954
2.0,21,1390.967597
0.8,20,1391.55418
2.0,21,1392.204427
0.8,56,1393.642051
0.7,138,1396.925946
0.8,276,1413.599935
0.8,22,1414.166639
0.8,22,1414.75952
2.0,21,1415.293529
2.0,22,1415.826029
0.8,77,1417.554368
0.8,22,1418.082946
0.8,27,1418.65947
0.9,100,1421.03893
2.0,19,1421.579584
0.8,22,1422.204761
2.0,19,1422.697141
0.8,56,1424.074499
2.0,20,1424.651144
0.8,21,1425.170728
2.0,20,1425.626693
2.0,20,1437.002428
2.0,24,1437.627427
2.0,22,1438.219415
2.0,20,1438.76408
0.8,22,1439.385314
2.0,21,1439.906384
0.8,79,1441.989311
0.8,22,1442.539696
0.8,19,1443.008687
2.0,21,1443.553113
2.0,20,1444.185088
0.8,31,1444.925901
0.8,70,1446.668927
0.8,23,1447.19788
0.8,46,1448.268573
0.8,20,1448.738025
2.0,20,1449.167266
2.0,19,1459.675125
0.8,241,1466.083373
0.8,22,1466.645337
2.0,21,1467.129986
2.0,21,1467.60679
0.9,99,1470.864585
0.8,57,1472.40117
0.8,117,1485.883117
2.0,21,1486.442359
0.9,96,1488.673715
2.0,20,1489.150782
2.0,22,1489.716455
0.8,22,1490.196633
0.9,54,1491.490117
0.8,23,1492.177412
2.0,21,1492.71545
0.8,79,1494.746043
1.0,84,1497.168272
2.0,20,1508.487312
0.8,21,1508.996883
-0.2,162,1513.328343
1.0,86,1515.581094
0.8,250,1531.5697
1.0,30,1532.33121
0.8,21,1532.914243
2.0,21,1533.414359
2.0,21,1533.891817
0.8,204,1538.882579
0.8,90,1540.890574
0.8,21,1541.342254
2.0,22,1541.862826
0.8,22,1542.386415
0.8,21,1542.909146
0.8,22,1554.767104
0.9,107,1557.662661
2.0,21,1558.493145
0.8,22,1559.03507
2.0,21,1559.699891
0.8,19,1560.219743
2.0,22,1560.828099
0.9,123,1563.990625
2.0,19,1564.450101
0.8,114,1567.22893
0.8,101,1581.583747
2.0,21,1582.214426
2.0,21,1582.846305
0.8,59,1584.427702
0.8,19,1584.970548
0.8,105,1587.463829
0.8,26,1588.101742
2.0,21,1588.660208
0.8,21,1589.274579
0.8,29,1590.040189
2.0,20,1590.582673
0.8,68,1592.146945
0.8,20,1592.672251
0.8,20,1606.345658
0.9,53,1607.973835
2.0,21,1608.626865
2.0,20,1609.265087
0.9,72,1611.718904
0.8,25,1612.600427
0.8,51,1614.058413
2.0,20,1614.817877
2.0,21,1615.517271
0.8,34,1616.621172
0.8,28,1617.645081
0.8,22,1618.3563
2.0,21,1618.952269
0.8,21,1619.565423
2.0,21,1620.12112
2.0,19,1620.712656
0.8,21,1621.326019
2.0,21,1621.825107
0.8,116,1635.441631
2.0,21,1636.135666
2.0,21,1636.851501
0.8,20,1637.448216
2.0,20,1637.987409
0.0,20,1638.532674
0.8,78,1640.895559
0.8,38,1642.028314
2.0,20,1642.634681
2.0,22,1643.32606
0.8,64,1645.2011
0.8,106,1659.479348
2.0,29,1660.250319
0.8,23,1660.831897
0.8,112,1663.85326
2.0,22,1664.428612
0.8,22,1664.9598
0.8,129,1668.052502
0.8,49,1669.233732
0.8,26,1669.970451
0.8,48,1671.358464
0.8,23,1672.106878
0.8,182,1688.490982
2.0,20,1688.974394
2.0,21,1689.523802
0.8,75,1691.779767
0.8,23,1692.386918
0.9,317,1711.334219
0.8,23,1711.868146
2.0,20,1712.386154
0.9,202,1717.041087
0.8,38,1717.934635
2.0,20,1718.389166
2.0,20,1718.850417
0.9,72,1720.512532
2.0,21,1731.031885
2.0,20,1731.563868
0.8,23,1732.159687
0.8,46,1733.196898
2.0,20,1733.698257
0.8,21,1734.206413
0.8,19,1734.688251
0.8,45,1735.742823
0.8,40,1736.744864
0.8,21,1737.275273
2.0,21,1737.837205
0.8,20,1738.353848
2.0,20,1738.823649
2.0,20,1739.265226
2.0,21,1739.781609
0.8,49,1740.871943
0.9,130,1753.898245
2.0,20,1754.353145
0.8,39,1755.270593
0.9,121,1758.015674
2.0,22,1758.496252
2.0,21,1758.961893
0.4,65,1760.314539
0.8,21,1760.832459
2.0,21,1761.318108
0.8,130,1764.203855
0.8,140,1777.258177
0.8,21,1777.81316
0.7,37,1778.74596
0.8,112,1781.404546
0.8,27,1782.091491
0.8,22,1782.674881
2.0,28,1783.328519
0.8,67,1784.872869
0.8,23,1785.409761
0.9,160,1798.949641
0.8,46,1800.252099
0.8,22,1800.917704
0.8,21,1801.574814
0.8,21,1802.1131
2.0,21,1802.664355
2.0,22,1803.233316
0.8,22,1803.783906
0.8,20,1804.320073
0.8,22,1804.810659
0.8,21,1805.337923
0.7,116,1808.054842
0.8,22,1808.559911
0.8,23,1819.108703
0.9,170,1823.110183
1.0,170,1826.792942
2.0,21,1827.316009
0.8,21,1827.836663
0.8,21,1828.421803
0.9,30,1829.212487
0.8,20,1829.758156
0.8,22,1830.362799
2.0,21,1830.881319
2.0,21,1841.239462
0.8,22,1842.675388
2.0,21,1843.185528
0.8,19,1843.690908
0.8,70,1845.42922
0.8,156,1848.99275
2.0,20,1849.524102
0.8,21,1850.016008
0.8,23,1850.537414
2.0,21,1851.04002
0.8,22,1851.588749
2.0,21,1852.127286
0.8,21,1852.640471
0.8,81,1864.446493
2.0,19,1864.933752
0.8,21,1865.468439
2.0,19,1865.925383
0.8,22,1866.464932
0.8,46,1867.587588
2.0,21,1868.11121
2.0,22,1868.622669
2.0,21,1869.133446
2.0,20,1869.625995
0.8,23,1870.198806
1.0,50,1871.410388
2.0,21,1871.930194
2.0,20,1872.405099
2.0,21,1872.952797
2.0,22,1873.474198
2.0,21,1873.975256
0.8,89,1875.896221
0.8,24,1886.342286
2.0,21,1886.89416
0.9,55,1888.216516
0.8,21,1888.720268
0.9,27,1889.351909
2.0,21,1889.846062
2.0,21,1890.290247
1.0,42,1891.294161
0.7,28,1891.928115
2.0,20,1892.360517
2.0,21,1892.853294
2.0,23,1893.385604
0.8,41,1894.380648
0.8,27,1895.134068
0.8,22,1895.692301
0.9,62,1897.266636
2.0,21,1897.84754
0.8,21,1898.357318
0.9,127,1910.975706
0.9,110,1913.575374
2.0,21,1914.089042
0.8,79,1915.935421
0.8,21,1916.474408
2.0,21,1916.955291
0.8,75,1918.801988
0.8,34,1919.599709
1.0,126,1932.452177
0.8,21,1932.949654
0.8,21,1933.425369
0.8,136,1936.670848
0.8,146,1940.157458
0.8,22,1940.677162
0.8,63,1942.200011
2.0,19,1952.518434
0.8,94,1954.564047
0.9,66,1956.110913
0.9,179,1960.436602
0.9,255,1976.626523
0.8,88,1978.684556
0.8,23,1979.219083
0.8,25,1979.816889
0.8,57,1981.278386
0.9,193,1985.527834
0.9,48,1996.479157
0.8,72,1998.239877
2.0,20,1998.743885
0.8,167,2002.543934
0.8,95,2004.703362
0.8,21,2005.214174
2.0,25,2005.75149
0.8,38,2006.62169
0.8,28,2007.343267
2.0,21,2007.823544
2.0,21,2018.26549
2.0,22,2018.785537
0.8,22,2019.29296
0.8,62,2020.802033
2.0,21,2021.2703
0.8,23,2021.834755
2.0,20,2022.275606
0.8,61,2023.711638
0.8,20,2024.195718
0.9,73,2025.87397
0.8,21,2026.366319
0.8,22,2026.936427
2.0,21,2027.430225
0.8,21,2027.961832
0.8,51,2029.065541
0.8,27,2029.75924
2.0,21,2030.288005
0.8,23,2040.701696
0.8,21,2041.226227
2.0,21,2041.74396
0.9,56,2043.083092
0.9,63,2044.622373
0.8,22,2045.207342
2.0,21,2045.749286
0.8,23,2046.287499
0.8,31,2047.054739
0.8,62,2048.356329
2.0,21,2048.827895
0.8,185,2062.677263
0.8,114,2065.781969
0.8,20,2066.288627
2.0,20,2066.822034
2.0,21,2067.31428
2.0,21,2067.781167
0.8,23,2068.287894
0.8,61,2069.70331
0.8,22,2070.263887
0.9,41,2071.34457
2.0,21,2071.87327
0.8,51,2073.177336
0.8,22,2073.688244
0.9,266,2089.792174
2.0,21,2090.282184
2.0,21,2090.761595
0.9,41,2091.722721
0.8,28,2092.403385
0.8,28,2093.048315
2.0,21,2093.520792
0.9,44,2094.615192
2.0,20,2095.128845
0.9,316,2112.500646
0.8,83,2114.33623
1.0,350,2132.102972
0.8,214,2137.059968
2.0,21,2137.539521
2.0,21,2138.025863
0.9,282,2154.571312
2.0,21,2155.055104
0.8,24,2155.692923
0.8,48,2156.74852
2.0,20,2157.223178
2.0,21,2157.727807
0.8,23,2158.369588
0.8,22,2159.109177
0.8,32,2160.256282
2.0,21,2160.875975
0.8,22,2161.547881
0.8,52,2162.990566
0.8,23,2175.235824
0.8,56,2176.507079
2.0,19,2176.897201
0.8,27,2177.522514
0.8,20,2178.070118
0.8,26,2178.814871
0.8,21,2179.361331
2.0,20,2179.886928
2.0,21,2180.338719
0.8,20,2180.809238
0.8,106,2183.309136
2.0,21,2183.732574
0.8,46,2184.654
2.0,21,2185.036672
0.8,48,2185.965613
0.8,21,2186.382921
0.8,32,2196.030419
0.9,105,2198.106259
0.8,77,2199.748489
0.8,45,2200.668275
0.8,45,2201.730554
0.9,267,2216.926005
0.8,23,2217.374396
2.0,21,2217.832242
0.8,22,2218.280967
0.8,358,2225.867338
0.8,20,2226.338171
2.0,21,2237.095026
0.9,113,2239.549358
0.8,170,2243.288283
2.0,21,2243.728502
2.0,21,2244.212913
0.9,230,2258.195929
2.0,22,2258.645566
2.0,22,2259.099163
0.8,20,2259.485741
0.8,21,2259.938165
0.8,21,2260.352057
0.8,19,2260.729545
0.9,81,2262.290149
2.0,20,2262.680783
0.8,22,2263.112288
0.8,23,2263.583415
2.0,21,2264.009716
2.0,20,2264.456085
0.8,21,2264.92667
0.9,256,2278.690423
0.8,21,2279.134885
0.9,83,2280.789771
1.0,68,2282.189035
2.0,20,2282.611981
0.9,144,2285.317901
0.8,68,2295.346025
0.8,90,2297.10551
0.8,23,2297.596883
2.0,19,2298.007288
0.8,19,2298.380142
0.8,49,2299.384516
2.0,20,2299.839118
0.8,79,2301.493078
2.0,21,2301.92241
0.8,20,2302.326963
2.0,20,2302.711479
0.8,21,2303.124739
0.8,151,2314.909101
0.8,20,2315.337962
0.8,22,2315.822634
0.9,344,2322.713089
2.0,22,2323.150908
0.8,22,2323.586041
0.8,22,2324.018963
0.8,20,2333.051072
0.8,21,2333.480876
0.8,31,2334.062803
2.0,20,2334.456747
0.8,20,2334.84624
0.8,272,2340.208046
2.0,22,2340.669899
0.0,114,2342.861289
2.0,21,2351.82186
0.8,160,2354.964655
0.8,63,2356.111402
2.0,20,2356.480463
2.0,20,2356.87234
2.0,21,2357.273417
0.8,21,2357.659348
2.0,20,2358.062088
0.8,29,2358.625672
2.0,23,2359.063358
0.8,63,2360.203577
2.0,22,2360.670109
0.8,34,2361.275773
0.8,21,2370.227394
0.8,22,2370.654954
0.8,160,2374.068316
0.8,87,2375.884782
0.0,21,2376.354378
0.8,21,2376.814102
0.0,230,2390.065135
2.0,21,2390.517761
0.8,67,2391.834352
0.8,24,2392.307623
2.0,21,2392.68816
0.9,68,2393.95413
0.8,20,2394.382429
0.7,23,2394.836755
0.8,22,2395.250355
0.8,57,2396.333729
0.9,86,2398.045974
0.8,23,2398.497326
0.8,71,2408.590325
0.8,72,2410.148196
0.4,78,2411.853698
0.8,21,2412.301619
0.9,52,2413.411347
2.0,21,2413.847136
0.8,21,2414.285981
0.8,33,2414.93567
0.8,21,2415.357253
0.8,23,2415.822752
2.0,22,2416.269702
0.8,33,2416.941666
2.0,21,2417.4141
0.8,22,2417.847169
0.8,53,2427.79688
2.0,21,2428.269073
2.0,19,2428.661074
2.0,20,2429.106025
0.8,89,2430.927513
2.0,20,2431.371925
0.8,187,2434.831409
0.8,22,2435.235723
2.0,21,2435.635995
0.8,21,2436.037715
0.8,22,2436.446368
0.8,68,2446.342694
0.8,21,2446.77287
0.8,21,2447.145502
0.8,47,2448.022619
2.0,22,2448.475565
0.8,133,2450.9442
0.8,30,2451.518951
2.0,22,2452.042574
0.9,57,2453.195601
2.0,20,2453.588105
0.8,33,2454.246782
0.8,28,2454.7895
2.0,21,2455.193928
0.8,55,2464.677535
-0.2,187,2469.060398
0.8,21,2469.518497
0.8,21,2469.945224
0.8,30,2470.567946
0.8,20,2470.986346
2.0,21,2471.419939
2.0,21,2471.829952
0.8,136,2474.643638
2.0,20,2475.098738
0.8,22,2484.000405
0.8,57,2485.09805
0.8,24,2485.580063
0.8,183,2489.468894
2.0,20,2489.873151
0.8,20,2490.28889
2.0,21,2490.702328
0.8,22,2491.163228
2.0,21,2491.601842
0.9,104,2493.655829
0.8,26,2494.202054
2.0,21,2504.301193
2.0,20,2504.76101
0.8,133,2507.557753
0.8,48,2508.750043
0.8,51,2509.948686
2.0,20,2510.425881
0.8,21,2510.926232
2.0,21,2511.420703
2.0,20,2511.940018
0.9,48,2513.087702
2.0,21,2513.632261
0.8,22,2514.17572
2.0,22,2514.745007
0.8,22,2515.281048
2.0,21,2515.803893
2.0,20,2526.083677
0.8,22,2526.730333
2.0,23,2527.329779
2.0,21,2527.814023
0.8,23,2528.397378
2.0,21,2528.91825
0.9,51,2530.241623
0.8,23,2530.831797
0.9,85,2532.90695
2.0,21,2533.43324
0.8,20,2533.90412
0.8,102,2536.496084
0.8,56,2537.684826
2.0,20,2538.135377
1.0,42,2547.912862
0.9,148,2550.728061
2.0,22,2551.192742
0.8,171,2554.645708
2.0,20,2555.066814
0.8,73,2556.527447
0.9,134,2567.73641
0.8,22,2568.211111
0.8,72,2569.518343
2.0,21,2569.933833
0.9,266,2575.008078
0.8,52,2584.730494
0.8,73,2586.193094
0.8,20,2586.653645
0.8,70,2588.25788
2.0,20,2588.705536
2.0,22,2589.17453
0.9,110,2591.888313
2.0,20,2592.410197
0.8,21,2593.030688
2.0,20,2593.53808
0.8,20,2594.00517
0.8,66,2595.343499
2.0,21,2595.839405
0.8,21,2596.311538
0.8,213,2609.215438
0.8,22,2609.66833
0.9,258,2614.616782
0.9,76,2624.838627
2.0,21,2625.246882
0.8,22,2625.704203
0.8,82,2627.385755
0.8,42,2628.266412
2.0,21,2628.683961
0.8,28,2629.255507
0.8,21,2629.665087
0.8,27,2630.192999
1.0,163,2633.518539
2.0,20,2633.961424
0.8,17,2642.875014
2.0,22,2643.331254
0.8,21,2643.798116
0.8,64,2645.09983
0.8,21,2645.502462
0.8,71,2646.937791
0.8,21,2647.384166
0.8,48,2648.501577
2.0,21,2649.08288
0.8,23,2649.622874
0.8,21,2650.148554
2.0,20,2650.599637
2.0,20,2651.021106
2.0,19,2651.442192
0.8,27,2651.961187
0.8,22,2652.475555
2.0,21,2652.900028
2.0,21,2653.315096
0.8,116,2664.67266
2.0,20,2665.11968
2.0,21,2665.567173
0.8,23,2666.122216
2.0,21,2666.561877
0.9,126,2669.093583
0.8,38,2669.894176
2.0,21,2670.324408
2.0,22,2670.762989
1.0,35,2671.421901
2.0,21,2671.814483
0.8,19,2672.181668
2.0,21,2672.599124
2.0,21,2673.045502
0.9,273,2687.554005
0.8,54,2688.660647
0.8,23,2689.179266
0.8,82,2690.766202
0.8,47,2691.630354
0.8,21,2692.049702
0.8,22,2692.483414
0.8,138,2703.746849
0.8,21,2704.153235
0.9,66,2705.39959
2.0,21,2705.837167
2.0,21,2706.298088
0.8,19,2706.69682
2.0,21,2707.101865
0.8,20,2707.497365
0.8,50,2708.557493
0.8,23,2709.027946
0.9,42,2709.850015
0.9,150,2721.374866
2.0,20,2721.773611
0.8,218,2726.194446
0.8,22,2726.63083
2.0,21,2727.108825
0.8,21,2727.519494
2.0,21,2727.94022
0.8,225,2740.655248
2.0,21,2741.057096
2.0,21,2741.457531
0.9,61,2742.563321
0.8,22,2742.979044
2.0,21,2743.380253
2.0,20,2743.761129
0.8,21,2744.161812
2.0,21,2744.574723
0.9,57,2745.576786
0.8,59,2746.727738
0.8,23,2747.146273
2.0,21,2747.596956
2.0,21,2748.009008
2.0,20,2758.690333
0.9,30,2759.328544
0.8,20,2759.741621
2.0,21,2760.209418
0.8,148,2763.059492
0.8,21,2763.440738
0.8,88,2765.103225
2.0,21,2765.517736
0.8,21,2765.932475
2.0,20,2766.312328
0.8,24,2766.780259
0.9,128,2777.889615
2.0,21,2778.315806
2.0,21,2778.717197
0.8,21,2779.198994
2.0,21,2779.606911
0.8,179,2783.213549
2.0,21,2783.63812
2.0,21,2784.046314
2.0,20,2784.423576
2.0,21,2784.803052
0.9,84,2786.299968
2.0,21,2786.741695
0.8,22,2795.689109
0.8,21,2796.176367
0.8,23,2796.700125
2.0,21,2797.142606
2.0,20,2797.578598
0.8,181,2801.240083
2.0,21,2801.664098
2.0,21,2802.144613
2.0,21,2802.607868
0.8,22,2803.067262
1.0,59,2804.234252
2.0,22,2804.694684
2.0,21,2805.076688
2.0,19,2805.442041
0.9,31,2806.039763
0.8,201,2818.827319
2.0,20,2819.265329
0.8,72,2820.835914
2.0,21,2821.342047
0.8,48,2822.369942
2.0,22,2822.862264
0.8,44,2823.778461
0.8,20,2824.170151
0.8,20,2824.560803
2.0,21,2824.995459
0.8,23,2825.448384
2.0,21,2834.313155
0.8,44,2835.275235
1.0,119,2837.582122
0.8,33,2838.219275
0.8,20,2838.642058
0.8,22,2839.126252
0.8,48,2840.062605
2.0,20,2840.470683
0.8,19,2840.868425
2.0,20,2841.272132
0.8,22,2841.7344
2.0,21,2842.185032
2.0,21,2842.591499
0.8,20,2843.007389
0.8,21,2843.40168
0.8,117,2854.426435
2.0,19,2854.824682
2.0,21,2855.285096
0.9,170,2858.809375
2.0,22,2859.271123
2.0,22,2859.858287
2.0,21,2860.298502
0.8,59,2861.712094
0.8,29,2862.38128
0.8,26,2862.985284
0.8,47,2864.067216
0.8,21,2874.335449
2.0,21,2874.749225
2.0,21,2875.194166
0.8,81,2876.85413
2.0,21,2877.291093
2.0,20,2877.699673
2.0,21,2878.107243
2.0,20,2878.50187
0.9,39,2879.249533
0.8,199,2883.136641
0.9,37,2883.843844
0.8,22,2893.511479
0.8,20,2893.994636
2.0,20,2894.443674
2.0,21,2894.899003
2.0,21,2895.323671
2.0,22,2895.783385
2.0,21,2896.250724
2.0,22,2896.781091
0.8,20,2897.267498
2.0,21,2897.759185
0.8,22,2898.229897
2.0,21,2898.710054
2.0,21,2899.161628
0.8,40,2900.00965
0.8,24,2900.53447
0.8,77,2902.1841
2.0,21,2902.599318
0.8,50,2903.604076
2.0,20,2904.026358
0.8,50,2913.866118
2.0,21,2914.330473
2.0,20,2914.79029
2.0,21,2915.253046
0.8,53,2916.3429
0.8,115,2918.70406
0.8,246,2923.751326
2.0,21,2932.691582
0.8,21,2933.097219
0.8,23,2933.582328
2.0,20,2933.989978
0.8,22,2934.416021
2.0,21,2934.811455
2.0,22,2935.289817
0.9,40,2936.290187
2.0,21,2936.741977
2.0,21,2937.208326
0.9,40,2938.178639
0.8,60,2939.556113
0.8,127,2942.347483
0.8,23,2942.870891
2.0,22,2943.375299
2.0,22,2952.588964
2.0,20,2953.008368
0.8,22,2953.428993
0.8,22,2953.895767
0.8,57,2955.006525
2.0,21,2955.449132
2.0,20,2955.889386
0.8,43,2956.71368
2.0,21,2957.163679
0.8,55,2958.208242
2.0,21,2958.586665
0.8,22,2959.030971
2.0,21,2959.454874
0.8,48,2960.344352
2.0,21,2960.803964
2.0,21,2961.21518
2.0,20,2961.616347
0.8,37,2962.357905
0.8,42,2971.75226
0.8,88,2973.438914
2.0,20,2973.837418
2.0,21,2974.248111
0.8,55,2975.414159
2.0,21,2975.881641
2.0,22,2976.362747
0.8,148,2979.307008
1.0,196,2991.581291
0.8,22,2992.057605
0.8,134,2994.73238
0.9,230,2999.532206
0.8,22,2999.989277
2.0,20,3000.40757
2.0,21,3009.525601
0.8,22,3010.040639
0.9,181,3013.706552
0.8,66,3015.03929
2.0,21,3015.496237
0.8,118,3017.923295
0.9,40,3018.756421
0.8,48,3028.312414
2.0,20,3028.760446
2.0,22,3029.228956
2.0,21,3029.668146
2.0,20,3030.119033
2.0,21,3030.591823
0.9,67,3032.010049
0.8,21,3032.471934
0.8,31,3033.121075
0.7,22,3033.555831
0.7,23,3033.999843
0.9,132,3036.53562
2.0,19,3036.925977
2.0,19,3037.322372
0.8,53,3038.436531
2.0,20,3047.493801
2.0,20,3047.96314
0.8,23,3048.44245
0.8,73,3049.943758
2.0,20,3050.339338
2.0,20,3050.765145
0.8,22,3051.247729
0.8,20,3051.666112
0.8,23,3052.115272
0.8,56,3053.230559
0.8,49,3054.192172
0.8,20,3054.629147
0.8,19,3055.030848
2.0,20,3055.431301
0.8,140,3066.873653
2.0,20,3067.300947
2.0,20,3067.718698
2.0,21,3068.190199
0.8,53,3069.287604
2.0,20,3069.68954
0.8,95,3071.512522
0.8,20,3071.932349
2.0,20,3072.337267
0.8,71,3073.832178
0.8,105,3075.807205
0.8,22,3076.237993
2.0,22,3076.669426
2.0,21,3085.634772
0.8,21,3086.072416
0.8,20,3086.500739
0.8,22,3086.931027
0.8,50,3087.954909
2.0,21,3088.37482
0.8,53,3089.454621
0.8,21,3089.913525
2.0,22,3090.379267
0.8,33,3091.084348
0.8,20,3091.514169
0.8,29,3092.107926
0.8,20,3092.510897
2.0,21,3092.95194
2.0,20,3093.401105
0.8,21,3093.8038
0.8,265,3107.545125
0.8,21,3107.965359
2.0,21,3108.400087
0.9,31,3109.037297
0.8,43,3109.896717
2.0,21,3110.34403
2.0,20,3110.706747
2.0,21,3111.140109
0.8,21,3111.581239
2.0,22,3112.02191
0.8,22,3112.490493
2.0,20,3112.901271
2.0,21,3113.332
0.8,135,3124.556362
-0.2,102,3126.680036
0.8,48,3127.58988
2.0,22,3128.027708
0.9,59,3129.168556
0.8,20,3129.592739
0.8,21,3130.017205
0.8,21,3130.42598
0.8,213,3143.873462
2.0,21,3144.32111
2.0,20,3144.687311
2.0,20,3145.091653
0.8,26,3145.645258
2.0,20,3146.048843
0.8,21,3146.513806
0.8,21,3146.969986
2.0,21,3147.42206
2.0,21,3147.881308
2.0,21,3148.305141
0.8,166,3151.65053
0.8,71,3153.021563
0.8,43,3162.977448
1.0,61,3164.22875
2.0,21,3164.665404
2.0,21,3165.123521
0.8,20,3165.599506
2.0,21,3166.036806
0.8,23,3166.49754
0.8,20,3166.897707
2.0,20,3167.319038
2.0,20,3167.770046
2.0,21,3168.327228
2.0,21,3168.818429
0.9,113,3171.219739
0.8,52,3172.448249
0.8,22,3172.958418
2.0,21,3183.340617
0.8,46,3184.46753
2.0,21,3184.993144
2.0,22,3185.588308
2.0,22,3186.217098
2.0,22,3186.799549
0.8,199,3191.894134
0.8,21,3192.364432
0.8,20,3192.818995
2.0,21,3193.268632
0.8,24,3193.789318
2.0,20,3194.183744
0.8,22,3194.641482
0.8,20,3195.07279
0.8,20,3195.520365
0.8,37,3207.484501
2.0,20,3208.024847
0.8,22,3208.633961
0.8,27,3209.368119
0.8,71,3211.369612
2.0,21,3211.949572
2.0,21,3212.491614
0.8,158,3216.20353
0.8,21,3216.678078
0.8,22,3217.239674
0.8,23,3217.733126
0.9,99,3229.090526
2.0,22,3229.576388
0.8,253,3235.106673
2.0,20,3235.537234
2.0,20,3235.981234
0.9,158,3239.226381
0.8,54,3252.717032
0.8,21,3253.188324
2.0,21,3253.623826
2.0,21,3254.063913
0.8,22,3254.526487
2.0,20,3254.952715
0.8,22,3255.367964
0.8,29,3256.030027
0.8,29,3256.570692
2.0,21,3256.990356
0.8,31,3257.587879
2.0,20,3257.976063
0.8,24,3258.470407
0.8,21,3258.894206
2.0,21,3259.3068
0.8,20,3259.730402
0.8,22,3260.228777
0.8,21,3260.689646
0.8,21,3261.195195
0.8,60,3262.452725
0.8,23,3274.731226
0.8,20,3275.192835
0.8,21,3275.662111
0.8,23,3276.131744
0.8,49,3277.150375
0.8,127,3279.756825
0.8,20,3280.161355
0.8,21,3280.584568
0.8,100,3282.458274
0.8,34,3283.071072
2.0,21,3283.468941
2.0,22,3283.898474
2.0,21,3284.339384
0.8,21,3293.765673
0.8,95,3295.759559
2.0,20,3296.164551
2.0,21,3296.573071
0.8,49,3297.512528
0.8,37,3298.213814
0.8,21,3298.638557
2.0,21,3299.062555
2.0,20,3299.483388
2.0,20,3299.881868
0.8,21,3300.293176
0.8,21,3300.666046
0.8,50,3301.65443
2.0,21,3302.098282
0.8,21,3302.514009
2.0,21,3302.94436
0.8,53,3312.615389
2.0,20,3313.00356
0.9,171,3316.271203
0.8,135,3318.970109
0.8,20,3319.37389
0.8,23,3319.841267
0.8,275,3333.718297
0.8,50,3334.685382
0.8,22,3335.093899
0.0,21,3335.538222
2.0,21,3335.948047
0.8,20,3336.344606
1.0,40,3337.15448
0.8,21,3337.565413
0.9,52,3338.539438
0.8,22,3338.970542
2.0,21,3339.365936
2.0,20,3339.750464
2.0,21,3340.154926
2.0,21,3340.541426
0.8,21,3340.930235
2.0,21,3350.321339
2.0,21,3350.723932
2.0,20,3351.094007
2.0,22,3351.544071
2.0,21,3351.943453
0.8,23,3352.408781
0.8,20,3352.844814
0.9,29,3353.387665
0.8,21,3353.813447
2.0,20,3354.189652
0.8,25,3354.693876
0.8,91,3356.423138
0.8,23,3356.847278
0.8,22,3357.288922
0.8,71,3358.668531
2.0,22,3359.12495
2.0,22,3359.560016
0.8,20,3368.622922
2.0,20,3369.074876
0.8,34,3369.841216
2.0,21,3370.297739
0.8,22,3370.781616
2.0,21,3371.248303
1.0,116,3373.522992
0.9,70,3374.906089
0.9,88,3376.705636
2.0,20,3377.092154
2.0,21,3377.512145
0.8,21,3377.921372
2.0,21,3378.348197
2.0,21,3378.784494
0.8,52,3388.393232
0.8,21,3388.815186
0.8,21,3389.249553
2.0,20,3389.67294
2.0,21,3390.105623
0.8,57,3391.242557
0.8,22,3391.623874
0.8,22,3392.029528
0.8,20,3392.385116
0.8,53,3393.387282
0.8,44,3394.468397
2.0,20,3394.942774
2.0,19,3395.420742
0.8,21,3395.919111
0.8,22,3396.48421
0.8,20,3396.923709
0.8,22,3397.392585
2.0,20,3397.788286
0.8,22,3398.217875
2.0,21,3407.305315
0.8,21,3407.730727
0.9,34,3408.385775
2.0,21,3408.815144
0.8,21,3409.192127
0.8,21,3409.576236
2.0,21,3409.974314
0.8,21,3410.36771
2.0,20,3410.755734
0.8,22,3411.182911
0.8,28,3411.746671
2.0,21,3412.162426
0.8,21,3412.67124
0.8,21,3413.085003
2.0,22,3413.512828
2.0,20,3413.928232
0.8,21,3414.371824
0.8,102,3416.40047
0.8,26,3416.920413
0.8,26,3426.049472
0.8,20,3426.487921
2.0,20,3426.919476
0.8,20,3427.348134
0.9,160,3430.557207
0.8,103,3432.609988
2.0,21,3433.061244
2.0,20,3433.493402
0.8,20,3433.871285
2.0,20,3434.297491
0.8,22,3434.747054
0.8,22,3435.168408
0.8,22,3435.62573
0.8,31,3444.804618
2.0,22,3445.270509
2.0,21,3445.699296
0.8,29,3446.327871
0.8,21,3446.72102
2.0,20,3447.150232
2.0,20,3447.552958
0.8,22,3448.013862
0.9,148,3450.850579
0.8,22,3451.269793
0.8,20,3451.694977
2.0,21,3452.084063
2.0,20,3452.502319
2.0,21,3452.930314
0.8,21,3453.36967
0.8,92,3463.712655
0.9,44,3464.554778
0.9,210,3468.540384
2.0,20,3468.923593
0.8,22,3469.344175
0.8,20,3469.705944
0.5,117,3471.831975
2.0,20,3472.218245
0.8,21,3472.636675
0.8,23,3473.088815
0.9,84,3483.729115
0.9,95,3485.54031
0.8,19,3485.924337
0.8,19,3486.346313
0.9,31,3486.994397
2.0,22,3487.4849
2.0,20,3487.88088
0.8,22,3488.309586
2.0,21,3488.751133
0.8,53,3489.815617
0.8,23,3490.312687
2.0,22,3490.762723
0.8,21,3491.14724
0.8,59,3492.292252
0.8,23,3501.459673
2.0,22,3502.025726
2.0,21,3502.458106
0.8,19,3502.841491
0.8,90,3504.66259
0.8,127,3507.07231
2.0,20,3507.474263
0.9,57,3508.611904
0.8,59,3509.79149
2.0,19,3510.134479
0.8,21,3510.537838
1.0,183,3522.880359
0.8,21,3523.322011
0.8,35,3524.118231
0.8,22,3524.538123
2.0,20,3524.943067
2.0,20,3525.349438
2.0,22,3525.801892
0.8,21,3526.252893
0.8,21,3526.748595
2.0,20,3527.147033
0.8,55,3528.195295
0.8,21,3528.640907
0.8,21,3529.077475
2.0,20,3529.458333
2.0,20,3529.895368
0.8,22,3530.332823
0.8,155,3541.943144
0.8,54,3543.02976
2.0,21,3543.482727
0.7,45,3544.390366
0.8,21,3544.834978
0.9,63,3546.121603
0.9,108,3548.199268
0.8,401,3565.787971
0.8,21,3566.201207
2.0,21,3566.598699
0.8,28,3567.136716
2.0,22,3567.544708
2.0,20,3567.951034
2.0,22,3568.366394
2.0,21,3568.795413
0.8,20,3577.80226
2.0,21,3578.237113
0.8,167,3581.350422
2.0,22,3581.759636
0.8,48,3582.710748
0.8,25,3583.224313
0.8,73,3584.691587
2.0,20,3585.124652
0.8,20,3585.676487
0.8,123,3596.717082
2.0,21,3597.179777
0.8,25,3597.746992
2.0,21,3598.184795
0.9,120,3600.51309
2.0,20,3600.941463
2.0,21,3601.368046
2.0,21,3601.798206
0.8,20,3602.199433
0.9,227,3614.957231
2.0,22,3615.378071
2.0,21,3615.813993
2.0,21,3616.264514
0.8,401,3623.913432
2.0,22,3624.32929
2.0,20,3624.75241
0.8,22,3633.725357
2.0,21,3634.109304
0.8,22,3634.508733
0.8,22,3635.006865
0.8,38,3635.825663
0.9,60,3637.019053
0.9,183,3640.638462
2.0,21,3641.03666
0.8,23,3641.467721
2.0,21,3641.86861
2.0,22,3642.329213
0.8,22,3642.816821
0.9,137,3654.391633
2.0,20,3654.819108
0.8,20,3655.271425
0.8,20,3655.729269
0.8,22,3656.193851
0.8,22,3656.700673
0.8,61,3657.988715
0.8,117,3660.493769
0.8,20,3660.957373
2.0,21,3661.400671
0.9,27,3662.01267
0.8,22,3662.505059
0.8,19,3662.894461
2.0,20,3663.346876
0.8,22,3672.61325
0.9,79,3674.289007
2.0,21,3674.738007
2.0,21,3675.194368
2.0,20,3675.63624
2.0,21,3676.118107
0.9,116,3678.576634
2.0,20,3679.024729
0.8,21,3679.452674
0.8,21,3679.889024
2.0,21,3680.326021
0.8,24,3680.852828
0.8,22,3681.335567
2.0,22,3681.827089
0.8,23,3682.320678
0.8,135,3693.703441
0.8,23,3694.193408
2.0,20,3694.601305
0.8,21,3695.018149
2.0,22,3695.465255
2.0,21,3695.894257
2.0,20,3696.284995
2.0,21,3696.710131
2.0,21,3697.153972
0.8,21,3697.650838
2.0,21,3698.085107
0.8,97,3700.136941
2.0,22,3700.584977
0.8,23,3701.049427
2.0,21,3701.449935
0.8,22,3701.895751
2.0,21,3702.356637
2.0,21,3711.383242
2.0,21,3711.814998
0.8,22,3712.246225
0.9,223,3716.862339
2.0,21,3717.316937
0.8,31,3717.956651
2.0,22,3718.380838
2.0,21,3718.810287
0.8,22,3719.258739
2.0,21,3719.682087
2.0,21,3720.153269
2.0,22,3720.593688
2.0,22,3721.049927
2.0,21,3721.451844
2.0,21,3730.392715
0.9,28,3730.996164
2.0,20,3731.446038
0.8,20,3731.840381
0.8,196,3735.745483
0.8,218,3740.049729
0.9,304,3754.578713
0.8,21,3755.018677
2.0,25,3755.538884
0.8,16,3755.878124
2.0,20,3756.258314
2.0,21,3756.730627
0.8,135,3768.029018
0.8,21,3768.541973
0.8,113,3770.92073
0.8,21,3771.413483
0.8,21,3771.899773
0.8,21,3772.379935
0.8,22,3772.896473
0.8,22,3773.424321
2.0,21,3773.891714
0.8,21,3774.36656
0.8,45,3775.421732
0.8,72,3777.012789
0.8,155,3788.831809
0.8,28,3789.449035
0.8,95,3791.322585
2.0,21,3791.724929
2.0,21,3792.178869
0.8,37,3792.943778
0.9,36,3793.739297
2.0,21,3794.234961
0.8,23,3794.756728
2.0,21,3795.243934
2.0,20,3795.668202
0.9,52,3796.738248
2.0,21,3797.245481
2.0,21,3797.70519
0.8,25,3798.203251
0.9,78,3808.366196
0.8,22,3808.868389
2.0,20,3809.273947
0.8,21,3809.746691
2.0,21,3810.220868
0.8,79,3811.983098
2.0,20,3812.450002
0.8,38,3813.223947
2.0,21,3813.600617
0.8,20,3813.979182
0.9,74,3815.47278
2.0,22,3815.979711
2.0,20,3816.454942
2.0,21,3816.93173
2.0,20,3817.368874
0.8,21,3817.814485
0.8,22,3826.782099
2.0,21,3827.224147
2.0,21,3827.652664
2.0,20,3828.070388
0.8,22,3828.552919
0.8,22,3828.998758
0.8,21,3829.439433
0.8,22,3829.893008
0.9,36,3830.639582
0.8,23,3831.119304
2.0,20,3831.512846
0.8,20,3831.935043
2.0,20,3832.320752
2.0,20,3832.715777
2.0,21,3833.127939
2.0,20,3833.509364
2.0,21,3833.910125
0.9,121,3836.274338
2.0,20,3836.694799
0.8,20,3845.65655
0.8,22,3846.113724
2.0,20,3846.554892
2.0,20,3846.944696
2.0,21,3847.377321
0.8,65,3848.671344
0.8,51,3849.689264
0.8,169,3852.941307
0.8,120,3855.351793
0.8,130,3866.389751
2.0,20,3866.798679
0.8,45,3867.745746
0.9,71,3869.14134
2.0,22,3869.630491
0.8,21,3870.039768
0.8,38,3870.769855
2.0,21,3871.196368
0.8,38,3871.895481
2.0,21,3872.376638
0.9,197,3884.932051
2.0,21,3885.347116
0.8,21,3885.790339
2.0,21,3886.248456
0.8,23,3886.764209
2.0,19,3887.155659
0.8,21,3887.596456
0.8,20,3888.041521
0.8,83,3889.678549
0.8,45,3890.615304
2.0,20,3891.045383
2.0,21,3891.515829
0.8,26,3892.101248
0.8,21,3892.550931
2.0,21,3892.984364
2.0,20,3893.405408
0.9,89,3904.022341
2.0,21,3904.470401
2.0,20,3904.8533
0.8,22,3905.274702
0.8,20,3905.683959
2.0,19,3906.061764
2.0,22,3906.491179
0.8,21,3906.878384
2.0,22,3907.288328
0.8,27,3907.854435
0.8,62,3909.004352
0.8,22,3909.481264
2.0,21,3909.894089
2.0,20,3910.299042
2.0,21,3910.700613
2.0,20,3911.118859
0.8,39,3911.882001
2.0,21,3912.32426
0.8,20,3921.184413
0.8,21,3921.634664
0.8,28,3922.170358
2.0,20,3922.560539
2.0,20,3922.948665
2.0,21,3923.332071
2.0,21,3923.747132
0.8,19,3924.111466
0.8,40,3924.827422
2.0,20,3925.213235
0.8,74,3926.617808
0.8,31,3927.221716
0.8,22,3927.648265
2.0,20,3928.070384
2.0,95,3929.994806
2.0,20,3930.430811
0.8,22,3930.863555
2.0,21,3940.177308
0.8,21,3940.607601
2.0,21,3941.099791
0.8,21,3941.576787
2.0,20,3941.961498
0.8,21,3942.400239
2.0,22,3942.910531
2.0,21,3943.382885
2.0,21,3943.803151
0.8,31,3944.458833
2.0,22,3944.907581
0.8,23,3945.346714
0.8,219,3949.691188
0.8,75,3959.912133
0.8,22,3960.451541
0.8,57,3961.585805
2.0,21,3962.029143
0.9,102,3964.091664
2.0,20,3964.495259
2.0,22,3964.915235
0.8,23,3965.37001
2.0,21,3965.802107
0.8,20,3966.230275
2.0,21,3966.687403
2.0,21,3967.133304
2.0,20,3967.564806
0.8,52,3968.637431
2.0,20,3969.057389
0.8,20,3969.456593
0.8,41,3978.829035
0.8,52,3979.940488
-0.2,97,3981.830439
0.8,58,3983.007582
0.8,138,3985.828876
0.8,21,3986.258263
0.8,57,3987.377908
2.0,20,3987.806839
0.8,21,3988.238855
2.0,22,3997.243256
2.0,21,3997.709492
0.8,22,3998.139778
0.8,115,4000.435234
2.0,20,4000.82603
2.0,20,4001.235477
0.8,21,4001.6852
2.0,21,4002.115448
0.8,20,4002.565276
0.8,21,4003.018408
0.8,21,4003.435751
2.0,22,4003.947911
2.0,21,4004.448983
2.0,19,4004.873291
0.8,49,4005.91408
0.8,20,4006.317085
2.0,21,4006.828094
0.8,27,4007.391378
0.8,23,4017.215826
2.0,39,4017.994644
0.8,20,4018.381325
2.0,20,4018.85239
0.8,23,4019.337619
0.8,27,4019.923771
2.0,21,4020.300883
0.8,28,4020.832532
2.0,20,4021.239083
2.0,21,4021.679691
0.8,21,4022.12168
2.0,20,4022.539895
0.8,20,4022.928819
0.8,21,4023.322972
0.8,20,4023.734731
2.0,22,4024.175655
0.8,31,4024.784177
0.8,23,4025.240505
0.8,22,4025.633362
2.0,20,4026.038841
2.0,20,4026.426309
0.8,50,4027.400028
0.8,33,4036.650733
2.0,21,4037.055068
0.8,21,4037.479563
2.0,21,4037.873776
2.0,21,4038.269551
0.8,21,4038.708708
0.8,21,4039.122952
2.0,21,4039.536276
0.9,217,4043.839354
0.8,27,4044.338259
2.0,21,4044.800121
2.0,20,4045.193383
0.8,37,4045.929092
0.8,20,4055.624043
0.8,324,4063.961473
0.8,19,4064.483054
0.8,61,4066.024507
0.8,44,4067.18207
0.9,204,4084.184887
0.8,23,4084.841459
0.8,22,4085.462252
2.0,22,4086.103911
0.8,21,4086.758606
2.0,20,4087.328137
0.8,125,4090.461159
0.8,21,4091.023972
0.8,27,4091.739672
0.8,32,4092.542015
2.0,20,4093.04611
0.8,21,4093.59428
0.8,66,4106.615009
0.8,22,4107.198362
2.0,21,4107.747429
2.0,22,4108.291754
0.8,63,4109.84602
0.8,29,4110.57549
2.0,22,4111.11508
0.8,21,4111.651811
0.8,22,4112.188474
2.0,20,4112.6611
0.9,190,4117.599224
2.0,21,4118.197553
0.9,120,4132.78141
2.0,20,4133.29092
0.8,48,4134.538401
0.8,20,4135.065142
0.8,22,4135.603796
0.8,23,4136.25127
0.8,37,4137.312502
2.0,21,4137.892137
2.0,20,4138.443423
0.9,25,4139.116155
2.0,21,4139.751999
2.0,21,4140.276563
0.8,25,4140.912399
2.0,22,4141.518751
0.8,22,4142.04562
0.8,22,4142.604548
0.8,22,4143.145089
0.9,30,4155.645702
2.0,21,4156.169227
0.9,88,4158.503597
0.8,47,4159.665164
2.0,21,4160.178241
0.8,22,4160.707212
0.8,19,4161.219624
2.0,20,4161.75733
0.8,37,4162.712632
0.9,37,4163.685011
0.8,23,4164.313118
0.8,22,4164.889917
0.8,50,4166.12947
2.0,20,4166.666985
0.8,21,4167.192049
2.0,20,4167.6746
0.8,23,4179.952643
2.0,20,4180.471792
2.0,21,4181.028845
2.0,22,4181.576715
0.8,72,4183.370958
0.8,21,4183.977042
0.8,139,4187.638079
0.8,25,4188.309482
0.8,20,4188.870571
2.0,21,4189.470964
0.8,107,4192.329343
0.8,20,4192.904618
